Event,City,State,When
Unbound Gravel,Emporia,Kansas,May/June
Leadville Trail 100 MTB,Leadville,Colorado,August
SBT GRVL,Steamboat Springs,Colorado,June
Belgian Waffle Ride California,Del Mar,California,April
Big Sugar Gravel,Bentonville,Arkansas,October
Mid South Gravel,Stillwater,Oklahoma,March
Sea Otter Classic Gravel,Monterey,California,April
Rebecca's Private Idaho,Sun Valley,Idaho,August
Gravel Worlds,Lincoln,Nebraska,August
Barry Roubaix,Hastings,Michigan,April
Crusher in the Tushar,Beaver,Utah,July
Rule of Three,Bentonville,Arkansas,October
Oregon Trail Gravel Grinder,Bend,Oregon,June
The Rift Gravel USA,Fruita,Colorado,October
Lost and Found Gravel Festival,Portola,California,June
Rock Cobbler,Bakersfield,California,February
BWR Arizona,Scottsdale,Arizona,March
BWR Montana,Bozeman,Montana,July
BWR Utah,Cedar City,Utah,May
Mammoth Tuff,Mammoth Lakes,California,September
Rasputitsa Gravel,Burke,Vermont,April
Vermont Overland,West Windsor,Vermont,August
The Rad Dirt Fest,Trinidad,Colorado,May
FoCo Fondo Gravel,Fort Collins,Colorado,July
Highlands Gravel Classic,Fayetteville,Arkansas,September
Gravel Locos,Hico,Texas,May
HooDoo 500 Gravel,St. George,Utah,October
Leadboat Challenge,Leadville,Colorado,August
Chequamegon MTB Festival,Hayward,Wisconsin,September
Breck Epic,Breckenridge,Colorado,August
Downieville Classic,Downieville,California,August
Little Sugar MTB,Bentonville,Arkansas,October
Wilderness 101,State College,Pennsylvania,July
Pierre's Hole 100,Victor,Idaho,August
Mohican MTB 100,Loudonville,Ohio,June
Shenandoah Mountain 100,Harrisonburg,Virginia,September
High Cascades 100,Bend,Oregon,July
Tahoe Trail MTB,Truckee,California,July
Barn Burner MTB,Flagstaff,Arizona,June
Grand Junction Off-Road,Grand Junction,Colorado,May
Snowmass 50 MTB,Snowmass Village,Colorado,July
Telluride 100,Telluride,Colorado,June
True Grit Epic,St. George,Utah,March
Dakota Five-O,Spearfish,South Dakota,September
Fool's Gold MTB,Dahlonega,Georgia,August
NUE Marathon Nationals,Various,Various,Seasonal
Jerdon Mountain Challenge,Old Fort,North Carolina,July
Butte 100,Butte,Montana,July
Marji Gesick,Ishpeming,Michigan,September
Iceman Cometh Challenge,Traverse City,Michigan,November